{
  "DecisionTree": {
    "accuracy": 0.5123758913074442,
    "precision": 0.5244870984375206,
    "recall": 0.5123758913074442,
    "f1_score": 0.5041670046726155,
    "roc_auc": 0.7041673401871813,
    "training_time_sec": 19.02508547999969,
    "confusion_matrix": [
      [
        136749,
        105406,
        21612
      ],
      [
        75386,
        193375,
        31115
      ],
      [
        62079,
        91262,
        76373
      ]
    ],
    "classification_report": {
      "0": {
        "precision": 0.4986944503198232,
        "recall": 0.5184462044152605,
        "f1-score": 0.5083785486848048,
        "support": 263767.0
      },
      "1": {
        "precision": 0.49577867055683605,
        "recall": 0.6448498712801292,
        "f1-score": 0.5605730527786595,
        "support": 299876.0
      },
      "2": {
        "precision": 0.5915801704105345,
        "recall": 0.3324699408830111,
        "f1-score": 0.4256968791630204,
        "support": 229714.0
      },
      "accuracy": 0.5123758913074442,
      "macro avg": {
        "precision": 0.5286844304290645,
        "recall": 0.4985886721928002,
        "f1-score": 0.49821616020882825,
        "support": 793357.0
      },
      "weighted avg": {
        "precision": 0.5244870984375206,
        "recall": 0.5123758913074442,
        "f1-score": 0.5041670046726155,
        "support": 793357.0
      }
    }
  },
  "HistGradientBoosting": {
    "accuracy": 0.766512427570438,
    "precision": 0.7708513013749128,
    "recall": 0.766512427570438,
    "f1_score": 0.7658123100841056,
    "roc_auc": 0.9293362969252242,
    "training_time_sec": 25.76185025200175,
    "confusion_matrix": [
      [
        206808,
        40757,
        16202
      ],
      [
        39028,
        245123,
        15725
      ],
      [
        35773,
        37754,
        156187
      ]
    ],
    "classification_report": {
      "0": {
        "precision": 0.7343799381411815,
        "recall": 0.7840556248507206,
        "f1-score": 0.7584052103502904,
        "support": 263767.0
      },
      "1": {
        "precision": 0.7574080597217845,
        "recall": 0.8174145313396204,
        "f1-score": 0.7862680630623406,
        "support": 299876.0
      },
      "2": {
        "precision": 0.8302784481750428,
        "recall": 0.6799193780091767,
        "f1-score": 0.7476138506753975,
        "support": 229714.0
      },
      "accuracy": 0.766512427570438,
      "macro avg": {
        "precision": 0.7740221486793363,
        "recall": 0.760463178066506,
        "f1-score": 0.7640957080293429,
        "support": 793357.0
      },
      "weighted avg": {
        "precision": 0.7708513013749128,
        "recall": 0.766512427570438,
        "f1-score": 0.7658123100841056,
        "support": 793357.0
      }
    }
  },
  "XGBoost": {
    "accuracy": 0.7566492764291486,
    "precision": 0.7623431543358626,
    "recall": 0.7566492764291486,
    "f1_score": 0.755562747822119,
    "roc_auc": 0.9176824795801449,
    "training_time_sec": 69.17940690700198,
    "confusion_matrix": [
      [
        208782,
        40211,
        14774
      ],
      [
        41750,
        241641,
        16485
      ],
      [
        38575,
        41269,
        149870
      ]
    ],
    "classification_report": {
      "0": {
        "precision": 0.7221616910002179,
        "recall": 0.7915395026671267,
        "f1-score": 0.7552606923096402,
        "support": 263767.0
      },
      "1": {
        "precision": 0.7478344025922178,
        "recall": 0.805803065266977,
        "f1-score": 0.7757372828440586,
        "support": 299876.0
      },
      "2": {
        "precision": 0.8274213405915122,
        "recall": 0.6524199656964748,
        "f1-score": 0.7295730972658655,
        "support": 229714.0
      },
      "accuracy": 0.7566492764291486,
      "macro avg": {
        "precision": 0.7658058113946492,
        "recall": 0.7499208445435261,
        "f1-score": 0.7535236908065214,
        "support": 793357.0
      },
      "weighted avg": {
        "precision": 0.7623431543358626,
        "recall": 0.7566492764291486,
        "f1-score": 0.755562747822119,
        "support": 793357.0
      }
    }
  },
  "LightGBM": {
    "accuracy": 0.7465718459659396,
    "precision": 0.7524090277797292,
    "recall": 0.7465718459659396,
    "f1_score": 0.7452842740857294,
    "roc_auc": 0.9115084804438902,
    "training_time_sec": 20.1591007370007,
    "confusion_matrix": [
      [
        206595,
        40079,
        17093
      ],
      [
        44816,
        239323,
        15737
      ],
      [
        38197,
        45137,
        146380
      ]
    ],
    "classification_report": {
      "0": {
        "precision": 0.7133608187619127,
        "recall": 0.7832480939617162,
        "f1-score": 0.7466726903094647,
        "support": 263767.0
      },
      "1": {
        "precision": 0.7374244697863739,
        "recall": 0.7980732035908176,
        "f1-score": 0.7665510918219454,
        "support": 299876.0
      },
      "2": {
        "precision": 0.8168070978182022,
        "recall": 0.6372271607302994,
        "f1-score": 0.7159276540384032,
        "support": 229714.0
      },
      "accuracy": 0.7465718459659396,
      "macro avg": {
        "precision": 0.7558641287888296,
        "recall": 0.7395161527609444,
        "f1-score": 0.743050478723271,
        "support": 793357.0
      },
      "weighted avg": {
        "precision": 0.7524090277797292,
        "recall": 0.7465718459659396,
        "f1-score": 0.7452842740857294,
        "support": 793357.0
      }
    }
  }
}